{"objects":[{"name":"Cube","position":{"x":-3.9620628356933595,"y":3.971752643585205,"z":-8.106857299804688}},{"name":"Capsule","position":{"x":3.545814275741577,"y":4.280886650085449,"z":-8.041149139404297}}]}